"id_registro","data_inicio","data_fim","hora_inicio","hora_fim","turno","id_ordem_producao","local_de_envio","id_produto","nome_produto","id_maquina","id_linha_producao","quantidade_planejada_hora","tempo_ciclo_teorico_segundos","tempo_producao_planejado_minutos","tempo_parada_minutos","motivo_parada","quantidade_produzida_total","quantidade_boa","quantidade_refugada","id_operador","nome_operador","custo_unitario","prejuizo_financeiro"
1,"2026-01-01","2026-01-01","07:00:00","08:00:00","Manha","OP001","Sao Paulo","PROD_A","Componente Alfa","MAQ01","LINHA01",100,36,60,9,"Setup",88,85,3,"OP101","Paulo","50.00","150.00"
2,"2026-01-01","2026-01-01","08:00:00","09:00:00","Manha","OP002","Piaui","PROD_A","Componente Alfa","MAQ01","LINHA01",100,36,60,0,"Nenhuma",88,87,1,"OP101","Paulo","50.00","50.00"
3,"2026-01-01","2026-01-01","09:00:00","10:00:00","Manha","OP003","Sao Paulo","PROD_A","Componente Alfa","MAQ01","LINHA01",100,36,60,11,"Manutencao Corretiva",80,73,7,"OP102","Davi","50.00","350.00"
4,"2026-01-01","2026-01-01","10:00:00","11:00:00","Manha","OP004","Sao Paulo","PROD_B","Peca Beta","MAQ02","LINHA01",120,30,60,2,"Ajuste Ferramenta",109,104,5,"OP103","Joao","80.00","400.00"
5,"2026-01-01","2026-01-01","11:00:00","12:00:00","Manha","OP005","Sao Paulo","PROD_B","Peca Beta","MAQ02","LINHA01",120,30,60,0,"Nenhuma",123,123,0,"OP103","Joao","80.00","0.00"
6,"2026-01-01","2026-01-01","12:00:00","13:00:00","Manha","OP006","Piaui","PROD_B","Peca Beta","MAQ02","LINHA01",120,30,60,8,"Falta de Material",105,98,7,"OP104","Anna","80.00","560.00"
7,"2026-01-01","2026-01-01","13:00:00","14:00:00","Tarde","OP007","Bahia","PROD_C","Conjunto Gama","MAQ03","LINHA02",80,45,60,8,"Setup",70,70,0,"OP201","Lucia","120.00","0.00"
8,"2026-01-01","2026-01-01","14:00:00","15:00:00","Tarde","OP008","Bahia","PROD_C","Conjunto Gama","MAQ03","LINHA02",80,45,60,0,"Nenhuma",82,73,9,"OP201","Lucia","120.00","1080.00"
9,"2026-01-01","2026-01-01","15:00:00","16:00:00","Tarde","OP009","Para","PROD_C","Conjunto Gama","MAQ03","LINHA02",80,45,60,28,"Problema Eletrico",53,9,44,"OP202","Mariana","120.00","5280.00"
10,"2026-01-01","2026-01-01","16:00:00","17:00:00","Tarde","OP010","Bahia","PROD_A","Componente Alfa","MAQ01","LINHA01",100,36,60,6,"Setup",95,92,3,"OP203","Jorge","50.00","150.00"
11,"2026-01-01","2026-01-01","17:00:00","18:00:00","Tarde","OP011","Sao Paulo","PROD_A","Componente Alfa","MAQ01","LINHA01",100,36,60,0,"Nenhuma",93,92,1,"OP301","Luis","50.00","50.00"
12,"2026-01-01","2026-01-01","17:00:00","18:00:00","Tarde","OP012","Sao Paulo","PROD_A","Componente Alfa","MAQ01","LINHA01",100,36,60,4,"Ajuste Rapido",86,86,0,"OP301","Luis","50.00","0.00"
13,"2026-01-02","2026-01-02","07:00:00","08:00:00","Manha","OP013","Parana","PROD_B","Peca Beta","MAQ02","LINHA01",120,30,60,0,"Nenhuma",122,118,4,"OP101","Paulo","80.00","320.00"
14,"2026-01-02","2026-01-02","08:00:00","09:00:00","Manha","OP014","Parana","PROD_B","Peca Beta","MAQ02","LINHA01",120,30,60,6,"Manutencao Preventiva Programada",0,0,0,"OP102","Davi","80.00","0.00"
15,"2026-01-02","2026-01-02","09:00:00","10:00:00","Manha","OP015","Mato Grosso do Sul","PROD_B","Peca Beta","MAQ02","LINHA01",120,30,60,3,"Setup Pos Manutencao",121,119,2,"OP102","Davi","80.00","160.00"
16,"2026-01-02","2026-01-02","10:00:00","11:00:00","Manha","OP016","Parana","PROD_C","Conjunto Gama","MAQ03","LINHA02",80,45,60,0,"Nenhuma",86,84,2,"OP103","Joao","120.00","240.00"
17,"2026-01-02","2026-01-02","11:00:00","12:00:00","Manha","OP017","Bahia","PROD_C","Conjunto Gama","MAQ03","LINHA02",80,45,60,24,"Falta de Componente Secundario",60,60,0,"OP104","Anna","120.00","0.00"
18,"2026-01-02","2026-01-02","12:00:00","13:00:00","Tarde","OP018","Sao Paulo","PROD_A","Componente Alfa","MAQ01","LINHA01",100,36,60,0,"Nenhuma",107,104,3,"OP201","Lucia","50.00","150.00"
19,"2026-01-02","2026-01-02","13:00:00","14:00:00","Tarde","OP019","Goias","PROD_A","Componente Alfa","MAQ01","LINHA01",100,36,60,6,"Limpeza",94,94,0,"OP202","Mariana","50.00","0.00"
20,"2026-01-02","2026-01-02","14:00:00","15:00:00","Tarde","OP020","Parana","PROD_B","Peca Beta","MAQ02","LINHA01",120,30,60,0,"Nenhuma",118,113,5,"OP203","Jorge","80.00","400.00"
21,"2026-01-02","2026-01-02","15:00:00","16:00:00","Tarde","OP021","Para","PROD_B","Peca Beta","MAQ02","LINHA01",120,30,60,14,"Quebra Ferramenta",79,61,18,"OP201","Lucia","80.00","1440.00"
22,"2026-01-02","2026-01-02","17:00:00","18:00:00","Noite","OP022","Minas Gerais","PROD_C","Conjunto Gama","MAQ03","LINHA02",80,45,60,0,"Nenhuma",86,86,0,"OP302","Jose","120.00","0.00"
23,"2026-01-02","2026-01-02","18:00:00","19:00:00","Noite","OP023","Para","PROD_C","Conjunto Gama","MAQ03","LINHA02",80,45,60,22,"Falta Operador Treinado",56,49,7,"OP302","Jose","120.00","840.00"
24,"2026-01-03","2026-01-03","07:00:00","08:00:00","Manha","OP024","Piaui","PROD_A","Componente Alfa","MAQ01","LINHA01",100,36,60,5,"Setup Inicio Turno",97,94,3,"OP101","Paulo","50.00","150.00"
25,"2026-01-03","2026-01-03","08:00:00","09:00:00","Manha","OP025","Mato Grosso do Sul","PROD_A","Componente Alfa","MAQ01","LINHA01",100,36,60,0,"Nenhuma",91,91,0,"OP101","Paulo","50.00","0.00"
26,"2026-01-03","2026-01-03","09:00:00","10:00:00","Manha","OP026","Bahia","PROD_A","Componente Alfa","MAQ01","LINHA01",100,36,60,6,"Setup",86,83,3,"OP101","Paulo","50.00","150.00"
27,"2026-01-03","2026-01-03","10:00:00","11:00:00","Manha","OP027","Piaui","PROD_A","Componente Alfa","MAQ01","LINHA01",100,36,60,11,"Manutencao Corretiva",71,64,7,"OP102","Davi","50.00","350.00"
28,"2026-01-03","2026-01-03","11:00:00","12:00:00","Manha","OP028","Piaui","PROD_B","Peca Beta","MAQ02","LINHA01",120,30,60,1,"Ajuste Ferramenta",119,116,3,"OP103","Joao","80.00","240.00"
29,"2026-01-03","2026-01-03","12:00:00","13:00:00","Tarde","OP029","Parana","PROD_C","Conjunto Gama","MAQ03","LINHA02",80,45,60,9,"Setup",80,80,0,"OP201","Lucia","120.00","0.00"
30,"2026-01-03","2026-01-03","13:00:00","14:00:00","Tarde","OP030","Para","PROD_C","Conjunto Gama","MAQ03","LINHA02",80,45,60,30,"Problema Eletrico",52,5,47,"OP202","Mariana","120.00","5640.00"
31,"2026-01-03","2026-01-03","14:00:00","15:00:00","Tarde","OP031","Parana","PROD_A","Componente Alfa","MAQ01","LINHA01",100,36,60,9,"Setup",84,81,3,"OP203","Jorge","50.00","150.00"
32,"2026-01-03","2026-01-03","15:00:00","16:00:00","Tarde","OP032","Minas Gerais","PROD_A","Componente Alfa","MAQ01","LINHA01",100,36,60,3,"Ajuste Rapido",91,91,0,"OP301","Luis","50.00","0.00"
33,"2026-01-04","2026-01-04","07:00:00","08:00:00","Manha","OP033","Bahia","PROD_A","Componente Alfa","MAQ01","LINHA01",100,36,60,9,"Setup",86,84,2,"OP101","Paulo","50.00","100.00"
34,"2026-01-04","2026-01-04","08:00:00","09:00:00","Manha","OP034","Goias","PROD_A","Componente Alfa","MAQ01","LINHA01",100,36,60,0,"Nenhuma",98,97,1,"OP101","Paulo","50.00","50.00"
35,"2026-01-04","2026-01-04","09:00:00","10:00:00","Manha","OP035","Mato Grosso do Sul","PROD_A","Componente Alfa","MAQ01","LINHA01",100,36,60,10,"Manutencao Corretiva",70,64,6,"OP102","Davi","50.00","300.00"
36,"2026-01-04","2026-01-04","10:00:00","11:00:00","Manha","OP036","Rio de Janeiro","PROD_B","Peca Beta","MAQ02","LINHA01",120,30,60,2,"Ajuste Ferramenta",102,99,3,"OP103","Joao","80.00","240.00"
37,"2026-01-04","2026-01-04","11:00:00","12:00:00","Manha","OP037","Rio de Janeiro","PROD_B","Peca Beta","MAQ02","LINHA01",120,30,60,0,"Nenhuma",123,123,0,"OP103","Joao","80.00","0.00"
38,"2026-01-04","2026-01-04","12:00:00","13:00:00","Manha","OP038","Rio de Janeiro","PROD_B","Peca Beta","MAQ02","LINHA01",120,30,60,3,"Falta de Material",93,86,7,"OP104","Anna","80.00","560.00"
39,"2026-01-04","2026-01-04","13:00:00","14:00:00","Tarde","OP039","Piaui","PROD_C","Conjunto Gama","MAQ03","LINHA02",80,45,60,11,"Setup",68,68,0,"OP201","Lucia","120.00","0.00"
40,"2026-01-04","2026-01-04","14:00:00","15:00:00","Tarde","OP040","Rio de Janeiro","PROD_C","Conjunto Gama","MAQ03","LINHA02",80,45,60,0,"Nenhuma",87,78,9,"OP201","Lucia","120.00","1080.00"
41,"2026-01-04","2026-01-04","15:00:00","16:00:00","Tarde","OP041","Bahia","PROD_C","Conjunto Gama","MAQ03","LINHA02",80,45,60,37,"Problema Eletrico",54,35,19,"OP202","Mariana","120.00","2280.00"
42,"2026-01-04","2026-01-04","16:00:00","17:00:00","Tarde","OP042","Rio de Janeiro","PROD_A","Componente Alfa","MAQ01","LINHA01",100,36,60,6,"Setup",90,88,2,"OP203","Jorge","50.00","100.00"
43,"2026-01-04","2026-01-04","17:00:00","18:00:00","Tarde","OP043","Bahia","PROD_A","Componente Alfa","MAQ01","LINHA01",100,36,60,0,"Nenhuma",107,106,1,"OP301","Luis","50.00","50.00"
44,"2026-01-04","2026-01-04","17:00:00","18:00:00","Tarde","OP044","Parana","PROD_A","Componente Alfa","MAQ01","LINHA01",100,36,60,2,"Ajuste Rapido",102,102,0,"OP301","Luis","50.00","0.00"
45,"2026-01-05","2026-01-05","07:00:00","08:00:00","Manha","OP045","Rio de Janeiro","PROD_B","Peca Beta","MAQ02","LINHA01",120,30,60,0,"Nenhuma",124,116,8,"OP101","Paulo","80.00","640.00"
46,"2026-01-05","2026-01-05","08:00:00","09:00:00","Manha","OP046","Piaui","PROD_B","Peca Beta","MAQ02","LINHA01",120,30,60,12,"Manutencao Preventiva Programada",0,0,0,"OP102","Davi","80.00","0.00"
47,"2026-01-05","2026-01-05","09:00:00","10:00:00","Manha","OP047","Piaui","PROD_B","Peca Beta","MAQ02","LINHA01",120,30,60,2,"Setup Pos Manutencao",99,95,4,"OP102","Davi","80.00","320.00"
48,"2026-01-05","2026-01-05","10:00:00","11:00:00","Manha","OP048","Rio de Janeiro","PROD_C","Conjunto Gama","MAQ03","LINHA02",80,45,60,0,"Nenhuma",86,70,16,"OP103","Joao","120.00","1920.00"
49,"2026-01-05","2026-01-05","11:00:00","12:00:00","Manha","OP049","Piaui","PROD_C","Conjunto Gama","MAQ03","LINHA02",80,45,60,17,"Falta de Componente Secundario",67,67,0,"OP104","Anna","120.00","0.00"
50,"2026-01-05","2026-01-05","12:00:00","13:00:00","Tarde","OP050","Parana","PROD_A","Componente Alfa","MAQ01","LINHA01",100,36,60,0,"Nenhuma",105,103,2,"OP201","Lucia","50.00","100.00"
51,"2026-01-05","2026-01-05","13:00:00","14:00:00","Tarde","OP051","Minas Gerais","PROD_A","Componente Alfa","MAQ01","LINHA01",100,36,60,5,"Limpeza",87,87,0,"OP202","Mariana","50.00","0.00"
52,"2026-01-05","2026-01-05","14:00:00","15:00:00","Tarde","OP052","Mato Grosso do Sul","PROD_B","Peca Beta","MAQ02","LINHA01",120,30,60,0,"Nenhuma",126,118,8,"OP203","Jorge","80.00","640.00"
53,"2026-01-05","2026-01-05","15:00:00","16:00:00","Tarde","OP053","Mato Grosso do Sul","PROD_B","Peca Beta","MAQ02","LINHA01",120,30,60,14,"Quebra Ferramenta",75,60,15,"OP201","Lucia","80.00","1200.00"
54,"2026-01-05","2026-01-05","17:00:00","18:00:00","Noite","OP054","Piaui","PROD_C","Conjunto Gama","MAQ03","LINHA02",80,45,60,0,"Nenhuma",79,79,0,"OP302","Jose","120.00","0.00"
55,"2026-01-05","2026-01-05","18:00:00","19:00:00","Noite","OP055","Parana","PROD_C","Conjunto Gama","MAQ03","LINHA02",80,45,60,31,"Falta Operador Treinado",56,38,18,"OP302","Jose","120.00","2160.00"
56,"2026-01-06","2026-01-06","07:00:00","08:00:00","Manha","OP056","Bahia","PROD_A","Componente Alfa","MAQ01","LINHA01",100,36,60,6,"Setup Inicio Turno",88,86,2,"OP101","Paulo","50.00","100.00"
57,"2026-01-06","2026-01-06","08:00:00","09:00:00","Manha","OP057","Para","PROD_A","Componente Alfa","MAQ01","LINHA01",100,36,60,0,"Nenhuma",105,105,0,"OP101","Paulo","50.00","0.00"
58,"2026-01-06","2026-01-06","09:00:00","10:00:00","Manha","OP058","Minas Gerais","PROD_A","Componente Alfa","MAQ01","LINHA01",100,36,60,6,"Setup",97,95,2,"OP101","Paulo","50.00","100.00"
59,"2026-01-06","2026-01-06","10:00:00","11:00:00","Manha","OP059","Minas Gerais","PROD_A","Componente Alfa","MAQ01","LINHA01",100,36,60,10,"Manutencao Corretiva",77,72,5,"OP102","Davi","50.00","250.00"
60,"2026-01-06","2026-01-06","11:00:00","12:00:00","Manha","OP060","Sao Paulo","PROD_B","Peca Beta","MAQ02","LINHA01",120,30,60,2,"Ajuste Ferramenta",119,112,7,"OP103","Joao","80.00","560.00"
61,"2026-01-06","2026-01-06","12:00:00","13:00:00","Tarde","OP061","Goias","PROD_C","Conjunto Gama","MAQ03","LINHA02",80,45,60,6,"Setup",77,77,0,"OP201","Lucia","120.00","0.00"
62,"2026-01-06","2026-01-06","13:00:00","14:00:00","Tarde","OP062","Piaui","PROD_C","Conjunto Gama","MAQ03","LINHA02",80,45,60,37,"Problema Eletrico",51,13,38,"OP202","Mariana","120.00","4560.00"
63,"2026-01-06","2026-01-06","14:00:00","15:00:00","Tarde","OP063","Sao Paulo","PROD_A","Componente Alfa","MAQ01","LINHA01",100,36,60,9,"Setup",97,95,2,"OP203","Jorge","50.00","100.00"
64,"2026-01-06","2026-01-06","15:00:00","16:00:00","Tarde","OP064","Goias","PROD_A","Componente Alfa","MAQ01","LINHA01",100,36,60,2,"Ajuste Rapido",105,105,0,"OP301","Luis","50.00","0.00"
65,"2026-01-07","2026-01-07","07:00:00","08:00:00","Manha","OP065","Minas Gerais","PROD_A","Componente Alfa","MAQ01","LINHA01",100,36,60,8,"Setup",98,96,2,"OP101","Paulo","50.00","100.00"
66,"2026-01-07","2026-01-07","08:00:00","09:00:00","Manha","OP066","Bahia","PROD_A","Componente Alfa","MAQ01","LINHA01",100,36,60,0,"Nenhuma",93,92,1,"OP101","Paulo","50.00","50.00"
67,"2026-01-07","2026-01-07","09:00:00","10:00:00","Manha","OP067","Sao Paulo","PROD_A","Componente Alfa","MAQ01","LINHA01",100,36,60,18,"Manutencao Corretiva",70,64,6,"OP102","Davi","50.00","300.00"
68,"2026-01-07","2026-01-07","10:00:00","11:00:00","Manha","OP068","Para","PROD_B","Peca Beta","MAQ02","LINHA01",120,30,60,2,"Ajuste Ferramenta",113,106,7,"OP103","Joao","80.00","560.00"
69,"2026-01-07","2026-01-07","11:00:00","12:00:00","Manha","OP069","Rio de Janeiro","PROD_B","Peca Beta","MAQ02","LINHA01",120,30,60,0,"Nenhuma",127,127,0,"OP103","Joao","80.00","0.00"
70,"2026-01-07","2026-01-07","12:00:00","13:00:00","Manha","OP070","Parana","PROD_B","Peca Beta","MAQ02","LINHA01",120,30,60,6,"Falta de Material",97,94,3,"OP104","Anna","80.00","240.00"
71,"2026-01-07","2026-01-07","13:00:00","14:00:00","Tarde","OP071","Piaui","PROD_C","Conjunto Gama","MAQ03","LINHA02",80,45,60,8,"Setup",71,71,0,"OP201","Lucia","120.00","0.00"
72,"2026-01-07","2026-01-07","14:00:00","15:00:00","Tarde","OP072","Bahia","PROD_C","Conjunto Gama","MAQ03","LINHA02",80,45,60,0,"Nenhuma",81,74,7,"OP201","Lucia","120.00","840.00"
73,"2026-01-07","2026-01-07","15:00:00","16:00:00","Tarde","OP073","Piaui","PROD_C","Conjunto Gama","MAQ03","LINHA02",80,45,60,37,"Problema Eletrico",53,0,53,"OP202","Mariana","120.00","6360.00"
74,"2026-01-07","2026-01-07","16:00:00","17:00:00","Tarde","OP074","Parana","PROD_A","Componente Alfa","MAQ01","LINHA01",100,36,60,7,"Setup",93,91,2,"OP203","Jorge","50.00","100.00"
75,"2026-01-07","2026-01-07","17:00:00","18:00:00","Tarde","OP075","Para","PROD_A","Componente Alfa","MAQ01","LINHA01",100,36,60,0,"Nenhuma",106,105,1,"OP301","Luis","50.00","50.00"
76,"2026-01-07","2026-01-07","17:00:00","18:00:00","Tarde","OP076","Sao Paulo","PROD_A","Componente Alfa","MAQ01","LINHA01",100,36,60,2,"Ajuste Rapido",87,87,0,"OP301","Luis","50.00","0.00"
77,"2026-01-08","2026-01-08","07:00:00","08:00:00","Manha","OP077","Minas Gerais","PROD_B","Peca Beta","MAQ02","LINHA01",120,30,60,0,"Nenhuma",115,109,6,"OP101","Paulo","80.00","480.00"
78,"2026-01-08","2026-01-08","08:00:00","09:00:00","Manha","OP078","Sao Paulo","PROD_B","Peca Beta","MAQ02","LINHA01",120,30,60,6,"Manutencao Preventiva Programada",0,0,0,"OP102","Davi","80.00","0.00"
79,"2026-01-08","2026-01-08","09:00:00","10:00:00","Manha","OP079","Parana","PROD_B","Peca Beta","MAQ02","LINHA01",120,30,60,2,"Setup Pos Manutencao",121,119,2,"OP102","Davi","80.00","160.00"
80,"2026-01-08","2026-01-08","10:00:00","11:00:00","Manha","OP080","Piaui","PROD_C","Conjunto Gama","MAQ03","LINHA02",80,45,60,0,"Nenhuma",73,70,3,"OP103","Joao","120.00","360.00"
81,"2026-01-08","2026-01-08","11:00:00","12:00:00","Manha","OP081","Para","PROD_C","Conjunto Gama","MAQ03","LINHA02",80,45,60,19,"Falta de Componente Secundario",69,69,0,"OP104","Anna","120.00","0.00"
82,"2026-01-08","2026-01-08","12:00:00","13:00:00","Tarde","OP082","Parana","PROD_A","Componente Alfa","MAQ01","LINHA01",100,36,60,0,"Nenhuma",90,87,3,"OP201","Lucia","50.00","150.00"
83,"2026-01-08","2026-01-08","13:00:00","14:00:00","Tarde","OP083","Parana","PROD_A","Componente Alfa","MAQ01","LINHA01",100,36,60,8,"Limpeza",96,96,0,"OP202","Mariana","50.00","0.00"
84,"2026-01-08","2026-01-08","14:00:00","15:00:00","Tarde","OP084","Minas Gerais","PROD_B","Peca Beta","MAQ02","LINHA01",120,30,60,0,"Nenhuma",131,127,4,"OP203","Jorge","80.00","320.00"
85,"2026-01-08","2026-01-08","15:00:00","16:00:00","Tarde","OP085","Minas Gerais","PROD_B","Peca Beta","MAQ02","LINHA01",120,30,60,12,"Quebra Ferramenta",86,79,7,"OP201","Lucia","80.00","560.00"
86,"2026-01-08","2026-01-08","17:00:00","18:00:00","Noite","OP086","Minas Gerais","PROD_C","Conjunto Gama","MAQ03","LINHA02",80,45,60,0,"Nenhuma",73,73,0,"OP302","Jose","120.00","0.00"
87,"2026-01-08","2026-01-08","18:00:00","19:00:00","Noite","OP087","Parana","PROD_C","Conjunto Gama","MAQ03","LINHA02",80,45,60,29,"Falta Operador Treinado",60,39,21,"OP302","Jose","120.00","2520.00"
88,"2026-01-09","2026-01-09","07:00:00","08:00:00","Manha","OP088","Mato Grosso do Sul","PROD_A","Componente Alfa","MAQ01","LINHA01",100,36,60,6,"Setup Inicio Turno",91,89,2,"OP101","Paulo","50.00","100.00"
89,"2026-01-09","2026-01-09","08:00:00","09:00:00","Manha","OP089","Bahia","PROD_A","Componente Alfa","MAQ01","LINHA01",100,36,60,0,"Nenhuma",101,101,0,"OP101","Paulo","50.00","0.00"
90,"2026-01-09","2026-01-09","09:00:00","10:00:00","Manha","OP090","Rio de Janeiro","PROD_A","Componente Alfa","MAQ01","LINHA01",100,36,60,9,"Setup",86,84,2,"OP101","Paulo","50.00","100.00"
91,"2026-01-09","2026-01-09","10:00:00","11:00:00","Manha","OP091","Sao Paulo","PROD_A","Componente Alfa","MAQ01","LINHA01",100,36,60,14,"Manutencao Corretiva",77,71,6,"OP102","Davi","50.00","300.00"
92,"2026-01-09","2026-01-09","11:00:00","12:00:00","Manha","OP092","Para","PROD_B","Peca Beta","MAQ02","LINHA01",120,30,60,1,"Ajuste Ferramenta",103,95,8,"OP103","Joao","80.00","640.00"
93,"2026-01-09","2026-01-09","12:00:00","13:00:00","Tarde","OP093","Rio de Janeiro","PROD_C","Conjunto Gama","MAQ03","LINHA02",80,45,60,9,"Setup",82,82,0,"OP201","Lucia","120.00","0.00"
94,"2026-01-09","2026-01-09","13:00:00","14:00:00","Tarde","OP094","Piaui","PROD_C","Conjunto Gama","MAQ03","LINHA02",80,45,60,32,"Problema Eletrico",50,33,17,"OP202","Mariana","120.00","2040.00"
95,"2026-01-09","2026-01-09","14:00:00","15:00:00","Tarde","OP095","Piaui","PROD_A","Componente Alfa","MAQ01","LINHA01",100,36,60,9,"Setup",87,84,3,"OP203","Jorge","50.00","150.00"
96,"2026-01-09","2026-01-09","15:00:00","16:00:00","Tarde","OP096","Bahia","PROD_A","Componente Alfa","MAQ01","LINHA01",100,36,60,3,"Ajuste Rapido",87,87,0,"OP301","Luis","50.00","0.00"
97,"2026-01-10","2026-01-10","07:00:00","08:00:00","Manha","OP097","Parana","PROD_A","Componente Alfa","MAQ01","LINHA01",100,36,60,6,"Setup",95,93,2,"OP101","Paulo","50.00","100.00"
98,"2026-01-10","2026-01-10","08:00:00","09:00:00","Manha","OP098","Minas Gerais","PROD_A","Componente Alfa","MAQ01","LINHA01",100,36,60,0,"Nenhuma",100,99,1,"OP101","Paulo","50.00","50.00"
99,"2026-01-10","2026-01-10","09:00:00","10:00:00","Manha","OP099","Para","PROD_A","Componente Alfa","MAQ01","LINHA01",100,36,60,16,"Manutencao Corretiva",77,72,5,"OP102","Davi","50.00","250.00"
100,"2026-01-10","2026-01-10","10:00:00","11:00:00","Manha","OP100","Parana","PROD_B","Peca Beta","MAQ02","LINHA01",120,30,60,1,"Ajuste Ferramenta",114,110,4,"OP103","Joao","80.00","320.00"
101,"2026-01-10","2026-01-10","11:00:00","12:00:00","Manha","OP101","Parana","PROD_B","Peca Beta","MAQ02","LINHA01",120,30,60,0,"Nenhuma",112,112,0,"OP103","Joao","80.00","0.00"
102,"2026-01-10","2026-01-10","12:00:00","13:00:00","Manha","OP102","Piaui","PROD_B","Peca Beta","MAQ02","LINHA01",120,30,60,4,"Falta de Material",88,83,5,"OP104","Anna","80.00","400.00"
103,"2026-01-10","2026-01-10","13:00:00","14:00:00","Tarde","OP103","Para","PROD_C","Conjunto Gama","MAQ03","LINHA02",80,45,60,8,"Setup",68,68,0,"OP201","Lucia","120.00","0.00"
104,"2026-01-10","2026-01-10","14:00:00","15:00:00","Tarde","OP104","Bahia","PROD_C","Conjunto Gama","MAQ03","LINHA02",80,45,60,0,"Nenhuma",73,65,8,"OP201","Lucia","120.00","960.00"
105,"2026-01-10","2026-01-10","15:00:00","16:00:00","Tarde","OP105","Goias","PROD_C","Conjunto Gama","MAQ03","LINHA02",80,45,60,42,"Problema Eletrico",49,0,49,"OP202","Mariana","120.00","5880.00"
106,"2026-01-10","2026-01-10","16:00:00","17:00:00","Tarde","OP106","Goias","PROD_A","Componente Alfa","MAQ01","LINHA01",100,36,60,5,"Setup",99,96,3,"OP203","Jorge","50.00","150.00"
107,"2026-01-10","2026-01-10","17:00:00","18:00:00","Tarde","OP107","Parana","PROD_A","Componente Alfa","MAQ01","LINHA01",100,36,60,0,"Nenhuma",103,102,1,"OP301","Luis","50.00","50.00"
108,"2026-01-10","2026-01-10","17:00:00","18:00:00","Tarde","OP108","Bahia","PROD_A","Componente Alfa","MAQ01","LINHA01",100,36,60,3,"Ajuste Rapido",89,89,0,"OP301","Luis","50.00","0.00"
109,"2026-01-11","2026-01-11","07:00:00","08:00:00","Manha","OP109","Para","PROD_B","Peca Beta","MAQ02","LINHA01",120,30,60,0,"Nenhuma",116,112,4,"OP101","Paulo","80.00","320.00"
110,"2026-01-11","2026-01-11","08:00:00","09:00:00","Manha","OP110","Sao Paulo","PROD_B","Peca Beta","MAQ02","LINHA01",120,30,60,9,"Manutencao Preventiva Programada",0,0,0,"OP102","Davi","80.00","0.00"
111,"2026-01-11","2026-01-11","09:00:00","10:00:00","Manha","OP111","Sao Paulo","PROD_B","Peca Beta","MAQ02","LINHA01",120,30,60,2,"Setup Pos Manutencao",99,98,1,"OP102","Davi","80.00","80.00"
112,"2026-01-11","2026-01-11","10:00:00","11:00:00","Manha","OP112","Piaui","PROD_C","Conjunto Gama","MAQ03","LINHA02",80,45,60,0,"Nenhuma",86,79,7,"OP103","Joao","120.00","840.00"
113,"2026-01-11","2026-01-11","11:00:00","12:00:00","Manha","OP113","Goias","PROD_C","Conjunto Gama","MAQ03","LINHA02",80,45,60,15,"Falta de Componente Secundario",69,69,0,"OP104","Anna","120.00","0.00"
114,"2026-01-11","2026-01-11","12:00:00","13:00:00","Tarde","OP114","Goias","PROD_A","Componente Alfa","MAQ01","LINHA01",100,36,60,0,"Nenhuma",97,94,3,"OP201","Lucia","50.00","150.00"
115,"2026-01-11","2026-01-11","13:00:00","14:00:00","Tarde","OP115","Bahia","PROD_A","Componente Alfa","MAQ01","LINHA01",100,36,60,6,"Limpeza",89,89,0,"OP202","Mariana","50.00","0.00"
116,"2026-01-11","2026-01-11","14:00:00","15:00:00","Tarde","OP116","Goias","PROD_B","Peca Beta","MAQ02","LINHA01",120,30,60,0,"Nenhuma",114,107,7,"OP203","Jorge","80.00","560.00"
117,"2026-01-11","2026-01-11","15:00:00","16:00:00","Tarde","OP117","Sao Paulo","PROD_B","Peca Beta","MAQ02","LINHA01",120,30,60,17,"Quebra Ferramenta",80,71,9,"OP201","Lucia","80.00","720.00"
118,"2026-01-11","2026-01-11","17:00:00","18:00:00","Noite","OP118","Piaui","PROD_C","Conjunto Gama","MAQ03","LINHA02",80,45,60,0,"Nenhuma",74,74,0,"OP302","Jose","120.00","0.00"
119,"2026-01-11","2026-01-11","18:00:00","19:00:00","Noite","OP119","Sao Paulo","PROD_C","Conjunto Gama","MAQ03","LINHA02",80,45,60,31,"Falta Operador Treinado",63,47,16,"OP302","Jose","120.00","1920.00"
120,"2026-01-12","2026-01-12","07:00:00","08:00:00","Manha","OP120","Goias","PROD_A","Componente Alfa","MAQ01","LINHA01",100,36,60,6,"Setup Inicio Turno",94,91,3,"OP101","Paulo","50.00","150.00"
121,"2026-01-12","2026-01-12","08:00:00","09:00:00","Manha","OP121","Sao Paulo","PROD_A","Componente Alfa","MAQ01","LINHA01",100,36,60,0,"Nenhuma",92,92,0,"OP101","Paulo","50.00","0.00"
122,"2026-01-12","2026-01-12","09:00:00","10:00:00","Manha","OP122","Rio de Janeiro","PROD_A","Componente Alfa","MAQ01","LINHA01",100,36,60,5,"Setup",82,80,2,"OP101","Paulo","50.00","100.00"
123,"2026-01-12","2026-01-12","10:00:00","11:00:00","Manha","OP123","Parana","PROD_A","Componente Alfa","MAQ01","LINHA01",100,36,60,14,"Manutencao Corretiva",78,73,5,"OP102","Davi","50.00","250.00"
124,"2026-01-12","2026-01-12","11:00:00","12:00:00","Manha","OP124","Goias","PROD_B","Peca Beta","MAQ02","LINHA01",120,30,60,2,"Ajuste Ferramenta",120,115,5,"OP103","Joao","80.00","400.00"
125,"2026-01-12","2026-01-12","12:00:00","13:00:00","Tarde","OP125","Minas Gerais","PROD_C","Conjunto Gama","MAQ03","LINHA02",80,45,60,7,"Setup",72,72,0,"OP201","Lucia","120.00","0.00"
126,"2026-01-12","2026-01-12","13:00:00","14:00:00","Tarde","OP126","Goias","PROD_C","Conjunto Gama","MAQ03","LINHA02",80,45,60,26,"Problema Eletrico",51,30,21,"OP202","Mariana","120.00","2520.00"
127,"2026-01-12","2026-01-12","14:00:00","15:00:00","Tarde","OP127","Mato Grosso do Sul","PROD_A","Componente Alfa","MAQ01","LINHA01",100,36,60,6,"Setup",98,96,2,"OP203","Jorge","50.00","100.00"
128,"2026-01-12","2026-01-12","15:00:00","16:00:00","Tarde","OP128","Minas Gerais","PROD_A","Componente Alfa","MAQ01","LINHA01",100,36,60,3,"Ajuste Rapido",96,96,0,"OP301","Luis","50.00","0.00"
129,"2026-01-13","2026-01-13","07:00:00","08:00:00","Manha","OP129","Mato Grosso do Sul","PROD_A","Componente Alfa","MAQ01","LINHA01",100,36,60,9,"Setup",89,86,3,"OP101","Paulo","50.00","150.00"
130,"2026-01-13","2026-01-13","08:00:00","09:00:00","Manha","OP130","Mato Grosso do Sul","PROD_A","Componente Alfa","MAQ01","LINHA01",100,36,60,0,"Nenhuma",91,90,1,"OP101","Paulo","50.00","50.00"
131,"2026-01-13","2026-01-13","09:00:00","10:00:00","Manha","OP131","Piaui","PROD_A","Componente Alfa","MAQ01","LINHA01",100,36,60,17,"Manutencao Corretiva",69,63,6,"OP102","Davi","50.00","300.00"
132,"2026-01-13","2026-01-13","10:00:00","11:00:00","Manha","OP132","Minas Gerais","PROD_B","Peca Beta","MAQ02","LINHA01",120,30,60,2,"Ajuste Ferramenta",102,99,3,"OP103","Joao","80.00","240.00"
133,"2026-01-13","2026-01-13","11:00:00","12:00:00","Manha","OP133","Parana","PROD_B","Peca Beta","MAQ02","LINHA01",120,30,60,0,"Nenhuma",119,119,0,"OP103","Joao","80.00","0.00"
134,"2026-01-13","2026-01-13","12:00:00","13:00:00","Manha","OP134","Parana","PROD_B","Peca Beta","MAQ02","LINHA01",120,30,60,9,"Falta de Material",86,80,6,"OP104","Anna","80.00","480.00"
135,"2026-01-13","2026-01-13","13:00:00","14:00:00","Tarde","OP135","Mato Grosso do Sul","PROD_C","Conjunto Gama","MAQ03","LINHA02",80,45,60,9,"Setup",80,80,0,"OP201","Lucia","120.00","0.00"
136,"2026-01-13","2026-01-13","14:00:00","15:00:00","Tarde","OP136","Piaui","PROD_C","Conjunto Gama","MAQ03","LINHA02",80,45,60,0,"Nenhuma",72,54,18,"OP201","Lucia","120.00","2160.00"
137,"2026-01-13","2026-01-13","15:00:00","16:00:00","Tarde","OP137","Bahia","PROD_C","Conjunto Gama","MAQ03","LINHA02",80,45,60,40,"Problema Eletrico",54,0,54,"OP202","Mariana","120.00","6480.00"
138,"2026-01-13","2026-01-13","16:00:00","17:00:00","Tarde","OP138","Mato Grosso do Sul","PROD_A","Componente Alfa","MAQ01","LINHA01",100,36,60,7,"Setup",99,97,2,"OP203","Jorge","50.00","100.00"
139,"2026-01-13","2026-01-13","17:00:00","18:00:00","Tarde","OP139","Bahia","PROD_A","Componente Alfa","MAQ01","LINHA01",100,36,60,0,"Nenhuma",103,102,1,"OP301","Luis","50.00","50.00"
140,"2026-01-13","2026-01-13","17:00:00","18:00:00","Tarde","OP140","Mato Grosso do Sul","PROD_A","Componente Alfa","MAQ01","LINHA01",100,36,60,4,"Ajuste Rapido",90,90,0,"OP301","Luis","50.00","0.00"
141,"2026-01-14","2026-01-14","07:00:00","08:00:00","Manha","OP141","Parana","PROD_B","Peca Beta","MAQ02","LINHA01",120,30,60,0,"Nenhuma",114,110,4,"OP101","Paulo","80.00","320.00"
142,"2026-01-14","2026-01-14","08:00:00","09:00:00","Manha","OP142","Bahia","PROD_B","Peca Beta","MAQ02","LINHA01",120,30,60,14,"Manutencao Preventiva Programada",0,0,0,"OP102","Davi","80.00","0.00"
143,"2026-01-14","2026-01-14","09:00:00","10:00:00","Manha","OP143","Para","PROD_B","Peca Beta","MAQ02","LINHA01",120,30,60,1,"Setup Pos Manutencao",118,117,1,"OP102","Davi","80.00","80.00"
144,"2026-01-14","2026-01-14","10:00:00","11:00:00","Manha","OP144","Minas Gerais","PROD_C","Conjunto Gama","MAQ03","LINHA02",80,45,60,0,"Nenhuma",78,65,13,"OP103","Joao","120.00","1560.00"
145,"2026-01-14","2026-01-14","11:00:00","12:00:00","Manha","OP145","Piaui","PROD_C","Conjunto Gama","MAQ03","LINHA02",80,45,60,17,"Falta de Componente Secundario",70,70,0,"OP104","Anna","120.00","0.00"
146,"2026-01-14","2026-01-14","12:00:00","13:00:00","Tarde","OP146","Para","PROD_A","Componente Alfa","MAQ01","LINHA01",100,36,60,0,"Nenhuma",110,108,2,"OP201","Lucia","50.00","100.00"
147,"2026-01-14","2026-01-14","13:00:00","14:00:00","Tarde","OP147","Parana","PROD_A","Componente Alfa","MAQ01","LINHA01",100,36,60,8,"Limpeza",95,95,0,"OP202","Mariana","50.00","0.00"
148,"2026-01-14","2026-01-14","14:00:00","15:00:00","Tarde","OP148","Para","PROD_B","Peca Beta","MAQ02","LINHA01",120,30,60,0,"Nenhuma",117,111,6,"OP203","Jorge","80.00","480.00"
149,"2026-01-14","2026-01-14","15:00:00","16:00:00","Tarde","OP149","Mato Grosso do Sul","PROD_B","Peca Beta","MAQ02","LINHA01",120,30,60,11,"Quebra Ferramenta",85,72,13,"OP201","Lucia","80.00","1040.00"
150,"2026-01-14","2026-01-14","17:00:00","18:00:00","Noite","OP150","Minas Gerais","PROD_C","Conjunto Gama","MAQ03","LINHA02",80,45,60,0,"Nenhuma",83,83,0,"OP302","Jose","120.00","0.00"
151,"2026-01-14","2026-01-14","18:00:00","19:00:00","Noite","OP151","Piaui","PROD_C","Conjunto Gama","MAQ03","LINHA02",80,45,60,23,"Falta Operador Treinado",62,31,31,"OP302","Jose","120.00","3720.00"
152,"2026-01-15","2026-01-15","07:00:00","08:00:00","Manha","OP152","Para","PROD_A","Componente Alfa","MAQ01","LINHA01",100,36,60,4,"Setup Inicio Turno",85,82,3,"OP101","Paulo","50.00","150.00"
153,"2026-01-15","2026-01-15","08:00:00","09:00:00","Manha","OP153","Minas Gerais","PROD_A","Componente Alfa","MAQ01","LINHA01",100,36,60,0,"Nenhuma",97,97,0,"OP101","Paulo","50.00","0.00"
154,"2026-01-15","2026-01-15","09:00:00","10:00:00","Manha","OP154","Sao Paulo","PROD_A","Componente Alfa","MAQ01","LINHA01",100,36,60,7,"Setup",95,92,3,"OP101","Paulo","50.00","150.00"
155,"2026-01-15","2026-01-15","10:00:00","11:00:00","Manha","OP155","Para","PROD_A","Componente Alfa","MAQ01","LINHA01",100,36,60,13,"Manutencao Corretiva",82,77,5,"OP102","Davi","50.00","250.00"
156,"2026-01-15","2026-01-15","11:00:00","12:00:00","Manha","OP156","Sao Paulo","PROD_B","Peca Beta","MAQ02","LINHA01",120,30,60,1,"Ajuste Ferramenta",107,102,5,"OP103","Joao","80.00","400.00"
157,"2026-01-15","2026-01-15","12:00:00","13:00:00","Tarde","OP157","Parana","PROD_C","Conjunto Gama","MAQ03","LINHA02",80,45,60,6,"Setup",78,78,0,"OP201","Lucia","120.00","0.00"
158,"2026-01-15","2026-01-15","13:00:00","14:00:00","Tarde","OP158","Bahia","PROD_C","Conjunto Gama","MAQ03","LINHA02",80,45,60,29,"Problema Eletrico",50,0,50,"OP202","Mariana","120.00","6000.00"
159,"2026-01-15","2026-01-15","14:00:00","15:00:00","Tarde","OP159","Mato Grosso do Sul","PROD_A","Componente Alfa","MAQ01","LINHA01",100,36,60,8,"Setup",87,84,3,"OP203","Jorge","50.00","150.00"
160,"2026-01-15","2026-01-15","15:00:00","16:00:00","Tarde","OP160","Goias","PROD_A","Componente Alfa","MAQ01","LINHA01",100,36,60,3,"Ajuste Rapido",93,93,0,"OP301","Luis","50.00","0.00"
161,"2026-01-16","2026-01-16","07:00:00","08:00:00","Manha","OP161","Mato Grosso do Sul","PROD_A","Componente Alfa","MAQ01","LINHA01",100,36,60,9,"Setup",95,93,2,"OP101","Paulo","50.00","100.00"
162,"2026-01-16","2026-01-16","08:00:00","09:00:00","Manha","OP162","Goias","PROD_A","Componente Alfa","MAQ01","LINHA01",100,36,60,0,"Nenhuma",99,98,1,"OP101","Paulo","50.00","50.00"
163,"2026-01-16","2026-01-16","09:00:00","10:00:00","Manha","OP163","Para","PROD_A","Componente Alfa","MAQ01","LINHA01",100,36,60,15,"Manutencao Corretiva",69,63,6,"OP102","Davi","50.00","300.00"
164,"2026-01-16","2026-01-16","10:00:00","11:00:00","Manha","OP164","Goias","PROD_B","Peca Beta","MAQ02","LINHA01",120,30,60,1,"Ajuste Ferramenta",120,117,3,"OP103","Joao","80.00","240.00"
165,"2026-01-16","2026-01-16","11:00:00","12:00:00","Manha","OP165","Parana","PROD_B","Peca Beta","MAQ02","LINHA01",120,30,60,0,"Nenhuma",106,106,0,"OP103","Joao","80.00","0.00"
166,"2026-01-16","2026-01-16","12:00:00","13:00:00","Manha","OP166","Piaui","PROD_B","Peca Beta","MAQ02","LINHA01",120,30,60,6,"Falta de Material",88,82,6,"OP104","Anna","80.00","480.00"
167,"2026-01-16","2026-01-16","13:00:00","14:00:00","Tarde","OP167","Minas Gerais","PROD_C","Conjunto Gama","MAQ03","LINHA02",80,45,60,6,"Setup",81,81,0,"OP201","Lucia","120.00","0.00"
168,"2026-01-16","2026-01-16","14:00:00","15:00:00","Tarde","OP168","Bahia","PROD_C","Conjunto Gama","MAQ03","LINHA02",80,45,60,0,"Nenhuma",81,75,6,"OP201","Lucia","120.00","720.00"
169,"2026-01-16","2026-01-16","15:00:00","16:00:00","Tarde","OP169","Bahia","PROD_C","Conjunto Gama","MAQ03","LINHA02",80,45,60,32,"Problema Eletrico",45,0,45,"OP202","Mariana","120.00","5400.00"
170,"2026-01-16","2026-01-16","16:00:00","17:00:00","Tarde","OP170","Minas Gerais","PROD_A","Componente Alfa","MAQ01","LINHA01",100,36,60,8,"Setup",98,96,2,"OP203","Jorge","50.00","100.00"
171,"2026-01-16","2026-01-16","17:00:00","18:00:00","Tarde","OP171","Sao Paulo","PROD_A","Componente Alfa","MAQ01","LINHA01",100,36,60,0,"Nenhuma",101,100,1,"OP301","Luis","50.00","50.00"
172,"2026-01-16","2026-01-16","17:00:00","18:00:00","Tarde","OP172","Rio de Janeiro","PROD_A","Componente Alfa","MAQ01","LINHA01",100,36,60,3,"Ajuste Rapido",87,87,0,"OP301","Luis","50.00","0.00"
173,"2026-01-17","2026-01-17","07:00:00","08:00:00","Manha","OP173","Para","PROD_B","Peca Beta","MAQ02","LINHA01",120,30,60,0,"Nenhuma",128,124,4,"OP101","Paulo","80.00","320.00"
174,"2026-01-17","2026-01-17","08:00:00","09:00:00","Manha","OP174","Mato Grosso do Sul","PROD_B","Peca Beta","MAQ02","LINHA01",120,30,60,11,"Manutencao Preventiva Programada",0,0,0,"OP102","Davi","80.00","0.00"
175,"2026-01-17","2026-01-17","09:00:00","10:00:00","Manha","OP175","Parana","PROD_B","Peca Beta","MAQ02","LINHA01",120,30,60,3,"Setup Pos Manutencao",99,95,4,"OP102","Davi","80.00","320.00"
176,"2026-01-17","2026-01-17","10:00:00","11:00:00","Manha","OP176","Piaui","PROD_C","Conjunto Gama","MAQ03","LINHA02",80,45,60,0,"Nenhuma",83,77,6,"OP103","Joao","120.00","720.00"
177,"2026-01-17","2026-01-17","11:00:00","12:00:00","Manha","OP177","Sao Paulo","PROD_C","Conjunto Gama","MAQ03","LINHA02",80,45,60,20,"Falta de Componente Secundario",67,67,0,"OP104","Anna","120.00","0.00"
178,"2026-01-17","2026-01-17","12:00:00","13:00:00","Tarde","OP178","Rio de Janeiro","PROD_A","Componente Alfa","MAQ01","LINHA01",100,36,60,0,"Nenhuma",110,108,2,"OP201","Lucia","50.00","100.00"
179,"2026-01-17","2026-01-17","13:00:00","14:00:00","Tarde","OP179","Minas Gerais","PROD_A","Componente Alfa","MAQ01","LINHA01",100,36,60,10,"Limpeza",96,96,0,"OP202","Mariana","50.00","0.00"
180,"2026-01-17","2026-01-17","14:00:00","15:00:00","Tarde","OP180","Rio de Janeiro","PROD_B","Peca Beta","MAQ02","LINHA01",120,30,60,0,"Nenhuma",120,115,5,"OP203","Jorge","80.00","400.00"
181,"2026-01-17","2026-01-17","15:00:00","16:00:00","Tarde","OP181","Parana","PROD_B","Peca Beta","MAQ02","LINHA01",120,30,60,20,"Quebra Ferramenta",82,69,13,"OP201","Lucia","80.00","1040.00"
182,"2026-01-17","2026-01-17","17:00:00","18:00:00","Noite","OP182","Bahia","PROD_C","Conjunto Gama","MAQ03","LINHA02",80,45,60,0,"Nenhuma",82,82,0,"OP302","Jose","120.00","0.00"
183,"2026-01-17","2026-01-17","18:00:00","19:00:00","Noite","OP183","Para","PROD_C","Conjunto Gama","MAQ03","LINHA02",80,45,60,17,"Falta Operador Treinado",56,0,56,"OP302","Jose","120.00","6720.00"
184,"2026-01-18","2026-01-18","07:00:00","08:00:00","Manha","OP184","Mato Grosso do Sul","PROD_A","Componente Alfa","MAQ01","LINHA01",100,36,60,6,"Setup Inicio Turno",94,92,2,"OP101","Paulo","50.00","100.00"
185,"2026-01-18","2026-01-18","08:00:00","09:00:00","Manha","OP185","Minas Gerais","PROD_A","Componente Alfa","MAQ01","LINHA01",100,36,60,0,"Nenhuma",108,108,0,"OP101","Paulo","50.00","0.00"
186,"2026-01-18","2026-01-18","09:00:00","10:00:00","Manha","OP186","Mato Grosso do Sul","PROD_A","Componente Alfa","MAQ01","LINHA01",100,36,60,6,"Setup",93,90,3,"OP101","Paulo","50.00","150.00"
187,"2026-01-18","2026-01-18","10:00:00","11:00:00","Manha","OP187","Goias","PROD_A","Componente Alfa","MAQ01","LINHA01",100,36,60,14,"Manutencao Corretiva",75,70,5,"OP102","Davi","50.00","250.00"
188,"2026-01-18","2026-01-18","11:00:00","12:00:00","Manha","OP188","Sao Paulo","PROD_B","Peca Beta","MAQ02","LINHA01",120,30,60,1,"Ajuste Ferramenta",100,96,4,"OP103","Joao","80.00","320.00"
189,"2026-01-18","2026-01-18","12:00:00","13:00:00","Tarde","OP189","Bahia","PROD_C","Conjunto Gama","MAQ03","LINHA02",80,45,60,7,"Setup",77,77,0,"OP201","Lucia","120.00","0.00"
190,"2026-01-18","2026-01-18","13:00:00","14:00:00","Tarde","OP190","Bahia","PROD_C","Conjunto Gama","MAQ03","LINHA02",80,45,60,49,"Problema Eletrico",50,37,13,"OP202","Mariana","120.00","1560.00"
191,"2026-01-18","2026-01-18","14:00:00","15:00:00","Tarde","OP191","Bahia","PROD_A","Componente Alfa","MAQ01","LINHA01",100,36,60,9,"Setup",94,91,3,"OP203","Jorge","50.00","150.00"
192,"2026-01-18","2026-01-18","15:00:00","16:00:00","Tarde","OP192","Goias","PROD_A","Componente Alfa","MAQ01","LINHA01",100,36,60,3,"Ajuste Rapido",86,86,0,"OP301","Luis","50.00","0.00"
193,"2026-01-19","2026-01-19","07:00:00","08:00:00","Manha","OP193","Mato Grosso do Sul","PROD_A","Componente Alfa","MAQ01","LINHA01",100,36,60,5,"Setup",99,97,2,"OP101","Paulo","50.00","100.00"
194,"2026-01-19","2026-01-19","08:00:00","09:00:00","Manha","OP194","Para","PROD_A","Componente Alfa","MAQ01","LINHA01",100,36,60,0,"Nenhuma",96,95,1,"OP101","Paulo","50.00","50.00"
195,"2026-01-19","2026-01-19","09:00:00","10:00:00","Manha","OP195","Sao Paulo","PROD_A","Componente Alfa","MAQ01","LINHA01",100,36,60,20,"Manutencao Corretiva",69,63,6,"OP102","Davi","50.00","300.00"
196,"2026-01-19","2026-01-19","10:00:00","11:00:00","Manha","OP196","Rio de Janeiro","PROD_B","Peca Beta","MAQ02","LINHA01",120,30,60,2,"Ajuste Ferramenta",100,95,5,"OP103","Joao","80.00","400.00"
197,"2026-01-19","2026-01-19","11:00:00","12:00:00","Manha","OP197","Para","PROD_B","Peca Beta","MAQ02","LINHA01",120,30,60,0,"Nenhuma",109,109,0,"OP103","Joao","80.00","0.00"
198,"2026-01-19","2026-01-19","12:00:00","13:00:00","Manha","OP198","Goias","PROD_B","Peca Beta","MAQ02","LINHA01",120,30,60,5,"Falta de Material",86,80,6,"OP104","Anna","80.00","480.00"
199,"2026-01-19","2026-01-19","13:00:00","14:00:00","Tarde","OP199","Piaui","PROD_C","Conjunto Gama","MAQ03","LINHA02",80,45,60,7,"Setup",72,72,0,"OP201","Lucia","120.00","0.00"
200,"2026-01-19","2026-01-19","14:00:00","15:00:00","Tarde","OP200","Parana","PROD_C","Conjunto Gama","MAQ03","LINHA02",80,45,60,0,"Nenhuma",71,66,5,"OP201","Lucia","120.00","600.00"
201,"2026-01-19","2026-01-19","15:00:00","16:00:00","Tarde","OP201","Bahia","PROD_C","Conjunto Gama","MAQ03","LINHA02",80,45,60,59,"Problema Eletrico",50,0,50,"OP202","Mariana","120.00","6000.00"
202,"2026-01-19","2026-01-19","16:00:00","17:00:00","Tarde","OP202","Minas Gerais","PROD_A","Componente Alfa","MAQ01","LINHA01",100,36,60,8,"Setup",94,92,2,"OP203","Jorge","50.00","100.00"
203,"2026-01-19","2026-01-19","17:00:00","18:00:00","Tarde","OP203","Rio de Janeiro","PROD_A","Componente Alfa","MAQ01","LINHA01",100,36,60,0,"Nenhuma",98,97,1,"OP301","Luis","50.00","50.00"
204,"2026-01-19","2026-01-19","17:00:00","18:00:00","Tarde","OP204","Mato Grosso do Sul","PROD_A","Componente Alfa","MAQ01","LINHA01",100,36,60,2,"Ajuste Rapido",91,91,0,"OP301","Luis","50.00","0.00"
205,"2026-01-20","2026-01-20","07:00:00","08:00:00","Manha","OP205","Mato Grosso do Sul","PROD_B","Peca Beta","MAQ02","LINHA01",120,30,60,0,"Nenhuma",109,101,8,"OP101","Paulo","80.00","640.00"
206,"2026-01-20","2026-01-20","08:00:00","09:00:00","Manha","OP206","Sao Paulo","PROD_B","Peca Beta","MAQ02","LINHA01",120,30,60,4,"Manutencao Preventiva Programada",0,0,0,"OP102","Davi","80.00","0.00"
207,"2026-01-20","2026-01-20","09:00:00","10:00:00","Manha","OP207","Sao Paulo","PROD_B","Peca Beta","MAQ02","LINHA01",120,30,60,2,"Setup Pos Manutencao",108,106,2,"OP102","Davi","80.00","160.00"
208,"2026-01-20","2026-01-20","10:00:00","11:00:00","Manha","OP208","Para","PROD_C","Conjunto Gama","MAQ03","LINHA02",80,45,60,0,"Nenhuma",86,78,8,"OP103","Joao","120.00","960.00"
209,"2026-01-20","2026-01-20","11:00:00","12:00:00","Manha","OP209","Sao Paulo","PROD_C","Conjunto Gama","MAQ03","LINHA02",80,45,60,11,"Falta de Componente Secundario",67,67,0,"OP104","Anna","120.00","0.00"
210,"2026-01-20","2026-01-20","12:00:00","13:00:00","Tarde","OP210","Bahia","PROD_A","Componente Alfa","MAQ01","LINHA01",100,36,60,0,"Nenhuma",103,100,3,"OP201","Lucia","50.00","150.00"
211,"2026-01-20","2026-01-20","13:00:00","14:00:00","Tarde","OP211","Mato Grosso do Sul","PROD_A","Componente Alfa","MAQ01","LINHA01",100,36,60,5,"Limpeza",91,91,0,"OP202","Mariana","50.00","0.00"
212,"2026-01-20","2026-01-20","14:00:00","15:00:00","Tarde","OP212","Bahia","PROD_B","Peca Beta","MAQ02","LINHA01",120,30,60,0,"Nenhuma",117,112,5,"OP203","Jorge","80.00","400.00"
213,"2026-01-20","2026-01-20","15:00:00","16:00:00","Tarde","OP213","Parana","PROD_B","Peca Beta","MAQ02","LINHA01",120,30,60,9,"Quebra Ferramenta",73,66,7,"OP201","Lucia","80.00","560.00"
214,"2026-01-20","2026-01-20","17:00:00","18:00:00","Noite","OP214","Piaui","PROD_C","Conjunto Gama","MAQ03","LINHA02",80,45,60,0,"Nenhuma",82,82,0,"OP302","Jose","120.00","0.00"
215,"2026-01-20","2026-01-20","18:00:00","19:00:00","Noite","OP215","Goias","PROD_C","Conjunto Gama","MAQ03","LINHA02",80,45,60,23,"Falta Operador Treinado",63,56,7,"OP302","Jose","120.00","840.00"
216,"2026-01-21","2026-01-21","07:00:00","08:00:00","Manha","OP216","Minas Gerais","PROD_A","Componente Alfa","MAQ01","LINHA01",100,36,60,6,"Setup Inicio Turno",96,94,2,"OP101","Paulo","50.00","100.00"
217,"2026-01-21","2026-01-21","08:00:00","09:00:00","Manha","OP217","Para","PROD_A","Componente Alfa","MAQ01","LINHA01",100,36,60,0,"Nenhuma",91,91,0,"OP101","Paulo","50.00","0.00"
218,"2026-01-21","2026-01-21","09:00:00","10:00:00","Manha","OP218","Piaui","PROD_A","Componente Alfa","MAQ01","LINHA01",100,36,60,9,"Setup",81,78,3,"OP101","Paulo","50.00","150.00"
219,"2026-01-21","2026-01-21","10:00:00","11:00:00","Manha","OP219","Minas Gerais","PROD_A","Componente Alfa","MAQ01","LINHA01",100,36,60,11,"Manutencao Corretiva",83,77,6,"OP102","Davi","50.00","300.00"
220,"2026-01-21","2026-01-21","11:00:00","12:00:00","Manha","OP220","Parana","PROD_B","Peca Beta","MAQ02","LINHA01",120,30,60,1,"Ajuste Ferramenta",113,107,6,"OP103","Joao","80.00","480.00"
221,"2026-01-21","2026-01-21","12:00:00","13:00:00","Tarde","OP221","Parana","PROD_C","Conjunto Gama","MAQ03","LINHA02",80,45,60,8,"Setup",80,80,0,"OP201","Lucia","120.00","0.00"
222,"2026-01-21","2026-01-21","13:00:00","14:00:00","Tarde","OP222","Piaui","PROD_C","Conjunto Gama","MAQ03","LINHA02",80,45,60,26,"Problema Eletrico",49,0,49,"OP202","Mariana","120.00","5880.00"
223,"2026-01-21","2026-01-21","14:00:00","15:00:00","Tarde","OP223","Para","PROD_A","Componente Alfa","MAQ01","LINHA01",100,36,60,6,"Setup",100,98,2,"OP203","Jorge","50.00","100.00"
224,"2026-01-21","2026-01-21","15:00:00","16:00:00","Tarde","OP224","Sao Paulo","PROD_A","Componente Alfa","MAQ01","LINHA01",100,36,60,3,"Ajuste Rapido",99,99,0,"OP301","Luis","50.00","0.00"
225,"2026-01-22","2026-01-22","07:00:00","08:00:00","Manha","OP225","Mato Grosso do Sul","PROD_A","Componente Alfa","MAQ01","LINHA01",100,36,60,8,"Setup",86,84,2,"OP101","Paulo","50.00","100.00"
226,"2026-01-22","2026-01-22","08:00:00","09:00:00","Manha","OP226","Para","PROD_A","Componente Alfa","MAQ01","LINHA01",100,36,60,0,"Nenhuma",96,95,1,"OP101","Paulo","50.00","50.00"
227,"2026-01-22","2026-01-22","09:00:00","10:00:00","Manha","OP227","Bahia","PROD_A","Componente Alfa","MAQ01","LINHA01",100,36,60,16,"Manutencao Corretiva",68,61,7,"OP102","Davi","50.00","350.00"
228,"2026-01-22","2026-01-22","10:00:00","11:00:00","Manha","OP228","Parana","PROD_B","Peca Beta","MAQ02","LINHA01",120,30,60,1,"Ajuste Ferramenta",102,98,4,"OP103","Joao","80.00","320.00"
229,"2026-01-22","2026-01-22","11:00:00","12:00:00","Manha","OP229","Parana","PROD_B","Peca Beta","MAQ02","LINHA01",120,30,60,0,"Nenhuma",125,125,0,"OP103","Joao","80.00","0.00"
230,"2026-01-22","2026-01-22","12:00:00","13:00:00","Manha","OP230","Sao Paulo","PROD_B","Peca Beta","MAQ02","LINHA01",120,30,60,8,"Falta de Material",103,97,6,"OP104","Anna","80.00","480.00"
231,"2026-01-22","2026-01-22","13:00:00","14:00:00","Tarde","OP231","Goias","PROD_C","Conjunto Gama","MAQ03","LINHA02",80,45,60,10,"Setup",77,77,0,"OP201","Lucia","120.00","0.00"
232,"2026-01-22","2026-01-22","14:00:00","15:00:00","Tarde","OP232","Goias","PROD_C","Conjunto Gama","MAQ03","LINHA02",80,45,60,0,"Nenhuma",73,64,9,"OP201","Lucia","120.00","1080.00"
233,"2026-01-22","2026-01-22","15:00:00","16:00:00","Tarde","OP233","Bahia","PROD_C","Conjunto Gama","MAQ03","LINHA02",80,45,60,47,"Problema Eletrico",48,30,18,"OP202","Mariana","120.00","2160.00"
234,"2026-01-22","2026-01-22","16:00:00","17:00:00","Tarde","OP234","Para","PROD_A","Componente Alfa","MAQ01","LINHA01",100,36,60,7,"Setup",90,88,2,"OP203","Jorge","50.00","100.00"
235,"2026-01-22","2026-01-22","17:00:00","18:00:00","Tarde","OP235","Minas Gerais","PROD_A","Componente Alfa","MAQ01","LINHA01",100,36,60,0,"Nenhuma",107,106,1,"OP301","Luis","50.00","50.00"
236,"2026-01-22","2026-01-22","17:00:00","18:00:00","Tarde","OP236","Sao Paulo","PROD_A","Componente Alfa","MAQ01","LINHA01",100,36,60,2,"Ajuste Rapido",96,96,0,"OP301","Luis","50.00","0.00"
237,"2026-01-23","2026-01-23","07:00:00","08:00:00","Manha","OP237","Mato Grosso do Sul","PROD_B","Peca Beta","MAQ02","LINHA01",120,30,60,0,"Nenhuma",124,120,4,"OP101","Paulo","80.00","320.00"
238,"2026-01-23","2026-01-23","08:00:00","09:00:00","Manha","OP238","Bahia","PROD_B","Peca Beta","MAQ02","LINHA01",120,30,60,9,"Manutencao Preventiva Programada",0,0,0,"OP102","Davi","80.00","0.00"
239,"2026-01-23","2026-01-23","09:00:00","10:00:00","Manha","OP239","Para","PROD_B","Peca Beta","MAQ02","LINHA01",120,30,60,2,"Setup Pos Manutencao",108,105,3,"OP102","Davi","80.00","240.00"
240,"2026-01-23","2026-01-23","10:00:00","11:00:00","Manha","OP240","Bahia","PROD_C","Conjunto Gama","MAQ03","LINHA02",80,45,60,0,"Nenhuma",86,75,11,"OP103","Joao","120.00","1320.00"
241,"2026-01-23","2026-01-23","11:00:00","12:00:00","Manha","OP241","Rio de Janeiro","PROD_C","Conjunto Gama","MAQ03","LINHA02",80,45,60,14,"Falta de Componente Secundario",64,64,0,"OP104","Anna","120.00","0.00"
242,"2026-01-23","2026-01-23","12:00:00","13:00:00","Tarde","OP242","Para","PROD_A","Componente Alfa","MAQ01","LINHA01",100,36,60,0,"Nenhuma",90,88,2,"OP201","Lucia","50.00","100.00"
243,"2026-01-23","2026-01-23","13:00:00","14:00:00","Tarde","OP243","Mato Grosso do Sul","PROD_A","Componente Alfa","MAQ01","LINHA01",100,36,60,9,"Limpeza",86,86,0,"OP202","Mariana","50.00","0.00"
244,"2026-01-23","2026-01-23","14:00:00","15:00:00","Tarde","OP244","Para","PROD_B","Peca Beta","MAQ02","LINHA01",120,30,60,0,"Nenhuma",124,119,5,"OP203","Jorge","80.00","400.00"
245,"2026-01-23","2026-01-23","15:00:00","16:00:00","Tarde","OP245","Rio de Janeiro","PROD_B","Peca Beta","MAQ02","LINHA01",120,30,60,13,"Quebra Ferramenta",76,66,10,"OP201","Lucia","80.00","800.00"
246,"2026-01-23","2026-01-23","17:00:00","18:00:00","Noite","OP246","Rio de Janeiro","PROD_C","Conjunto Gama","MAQ03","LINHA02",80,45,60,0,"Nenhuma",77,77,0,"OP302","Jose","120.00","0.00"
247,"2026-01-23","2026-01-23","18:00:00","19:00:00","Noite","OP247","Parana","PROD_C","Conjunto Gama","MAQ03","LINHA02",80,45,60,23,"Falta Operador Treinado",60,7,53,"OP302","Jose","120.00","6360.00"
248,"2026-01-24","2026-01-24","07:00:00","08:00:00","Manha","OP248","Parana","PROD_A","Componente Alfa","MAQ01","LINHA01",100,36,60,6,"Setup Inicio Turno",101,98,3,"OP101","Paulo","50.00","150.00"
249,"2026-01-24","2026-01-24","08:00:00","09:00:00","Manha","OP249","Bahia","PROD_A","Componente Alfa","MAQ01","LINHA01",100,36,60,0,"Nenhuma",91,91,0,"OP101","Paulo","50.00","0.00"
250,"2026-01-24","2026-01-24","09:00:00","10:00:00","Manha","OP250","Parana","PROD_A","Componente Alfa","MAQ01","LINHA01",100,36,60,10,"Setup",87,85,2,"OP101","Paulo","50.00","100.00"
251,"2026-01-24","2026-01-24","10:00:00","11:00:00","Manha","OP251","Minas Gerais","PROD_A","Componente Alfa","MAQ01","LINHA01",100,36,60,16,"Manutencao Corretiva",75,68,7,"OP102","Davi","50.00","350.00"
252,"2026-01-24","2026-01-24","11:00:00","12:00:00","Manha","OP252","Parana","PROD_B","Peca Beta","MAQ02","LINHA01",120,30,60,2,"Ajuste Ferramenta",100,94,6,"OP103","Joao","80.00","480.00"
253,"2026-01-24","2026-01-24","12:00:00","13:00:00","Tarde","OP253","Bahia","PROD_C","Conjunto Gama","MAQ03","LINHA02",80,45,60,12,"Setup",69,69,0,"OP201","Lucia","120.00","0.00"
254,"2026-01-24","2026-01-24","13:00:00","14:00:00","Tarde","OP254","Piaui","PROD_C","Conjunto Gama","MAQ03","LINHA02",80,45,60,31,"Problema Eletrico",48,0,48,"OP202","Mariana","120.00","5760.00"
255,"2026-01-24","2026-01-24","14:00:00","15:00:00","Tarde","OP255","Rio de Janeiro","PROD_A","Componente Alfa","MAQ01","LINHA01",100,36,60,9,"Setup",83,81,2,"OP203","Jorge","50.00","100.00"
256,"2026-01-24","2026-01-24","15:00:00","16:00:00","Tarde","OP256","Piaui","PROD_A","Componente Alfa","MAQ01","LINHA01",100,36,60,3,"Ajuste Rapido",99,99,0,"OP301","Luis","50.00","0.00"
257,"2026-01-25","2026-01-25","07:00:00","08:00:00","Manha","OP257","Piaui","PROD_A","Componente Alfa","MAQ01","LINHA01",100,36,60,8,"Setup",82,80,2,"OP101","Paulo","50.00","100.00"
258,"2026-01-25","2026-01-25","08:00:00","09:00:00","Manha","OP258","Goias","PROD_A","Componente Alfa","MAQ01","LINHA01",100,36,60,0,"Nenhuma",100,99,1,"OP101","Paulo","50.00","50.00"
259,"2026-01-25","2026-01-25","09:00:00","10:00:00","Manha","OP259","Minas Gerais","PROD_A","Componente Alfa","MAQ01","LINHA01",100,36,60,15,"Manutencao Corretiva",72,67,5,"OP102","Davi","50.00","250.00"
260,"2026-01-25","2026-01-25","10:00:00","11:00:00","Manha","OP260","Para","PROD_B","Peca Beta","MAQ02","LINHA01",120,30,60,1,"Ajuste Ferramenta",121,118,3,"OP103","Joao","80.00","240.00"
261,"2026-01-25","2026-01-25","11:00:00","12:00:00","Manha","OP261","Parana","PROD_B","Peca Beta","MAQ02","LINHA01",120,30,60,0,"Nenhuma",111,111,0,"OP103","Joao","80.00","0.00"
262,"2026-01-25","2026-01-25","12:00:00","13:00:00","Manha","OP262","Parana","PROD_B","Peca Beta","MAQ02","LINHA01",120,30,60,4,"Falta de Material",99,94,5,"OP104","Anna","80.00","400.00"
263,"2026-01-25","2026-01-25","13:00:00","14:00:00","Tarde","OP263","Para","PROD_C","Conjunto Gama","MAQ03","LINHA02",80,45,60,8,"Setup",77,77,0,"OP201","Lucia","120.00","0.00"
264,"2026-01-25","2026-01-25","14:00:00","15:00:00","Tarde","OP264","Bahia","PROD_C","Conjunto Gama","MAQ03","LINHA02",80,45,60,0,"Nenhuma",79,75,4,"OP201","Lucia","120.00","480.00"
265,"2026-01-25","2026-01-25","15:00:00","16:00:00","Tarde","OP265","Goias","PROD_C","Conjunto Gama","MAQ03","LINHA02",80,45,60,39,"Problema Eletrico",53,0,53,"OP202","Mariana","120.00","6360.00"
266,"2026-01-25","2026-01-25","16:00:00","17:00:00","Tarde","OP266","Para","PROD_A","Componente Alfa","MAQ01","LINHA01",100,36,60,7,"Setup",91,88,3,"OP203","Jorge","50.00","150.00"
267,"2026-01-25","2026-01-25","17:00:00","18:00:00","Tarde","OP267","Para","PROD_A","Componente Alfa","MAQ01","LINHA01",100,36,60,0,"Nenhuma",103,102,1,"OP301","Luis","50.00","50.00"
268,"2026-01-25","2026-01-25","17:00:00","18:00:00","Tarde","OP268","Parana","PROD_A","Componente Alfa","MAQ01","LINHA01",100,36,60,2,"Ajuste Rapido",94,94,0,"OP301","Luis","50.00","0.00"
269,"2026-01-26","2026-01-26","07:00:00","08:00:00","Manha","OP269","Mato Grosso do Sul","PROD_B","Peca Beta","MAQ02","LINHA01",120,30,60,0,"Nenhuma",108,102,6,"OP101","Paulo","80.00","480.00"
270,"2026-01-26","2026-01-26","08:00:00","09:00:00","Manha","OP270","Parana","PROD_B","Peca Beta","MAQ02","LINHA01",120,30,60,12,"Manutencao Preventiva Programada",0,0,0,"OP102","Davi","80.00","0.00"
271,"2026-01-26","2026-01-26","09:00:00","10:00:00","Manha","OP271","Sao Paulo","PROD_B","Peca Beta","MAQ02","LINHA01",120,30,60,1,"Setup Pos Manutencao",109,108,1,"OP102","Davi","80.00","80.00"
272,"2026-01-26","2026-01-26","10:00:00","11:00:00","Manha","OP272","Parana","PROD_C","Conjunto Gama","MAQ03","LINHA02",80,45,60,0,"Nenhuma",83,74,9,"OP103","Joao","120.00","1080.00"
273,"2026-01-26","2026-01-26","11:00:00","12:00:00","Manha","OP273","Minas Gerais","PROD_C","Conjunto Gama","MAQ03","LINHA02",80,45,60,11,"Falta de Componente Secundario",65,65,0,"OP104","Anna","120.00","0.00"
274,"2026-01-26","2026-01-26","12:00:00","13:00:00","Tarde","OP274","Mato Grosso do Sul","PROD_A","Componente Alfa","MAQ01","LINHA01",100,36,60,0,"Nenhuma",96,93,3,"OP201","Lucia","50.00","150.00"
275,"2026-01-26","2026-01-26","13:00:00","14:00:00","Tarde","OP275","Para","PROD_A","Componente Alfa","MAQ01","LINHA01",100,36,60,8,"Limpeza",86,86,0,"OP202","Mariana","50.00","0.00"
276,"2026-01-26","2026-01-26","14:00:00","15:00:00","Tarde","OP276","Rio de Janeiro","PROD_B","Peca Beta","MAQ02","LINHA01",120,30,60,0,"Nenhuma",107,101,6,"OP203","Jorge","80.00","480.00"
277,"2026-01-26","2026-01-26","15:00:00","16:00:00","Tarde","OP277","Parana","PROD_B","Peca Beta","MAQ02","LINHA01",120,30,60,9,"Quebra Ferramenta",86,73,13,"OP201","Lucia","80.00","1040.00"
278,"2026-01-26","2026-01-26","17:00:00","18:00:00","Noite","OP278","Piaui","PROD_C","Conjunto Gama","MAQ03","LINHA02",80,45,60,0,"Nenhuma",81,81,0,"OP302","Jose","120.00","0.00"
279,"2026-01-26","2026-01-26","18:00:00","19:00:00","Noite","OP279","Bahia","PROD_C","Conjunto Gama","MAQ03","LINHA02",80,45,60,32,"Falta Operador Treinado",64,44,20,"OP302","Jose","120.00","2400.00"
280,"2026-01-27","2026-01-27","07:00:00","08:00:00","Manha","OP280","Rio de Janeiro","PROD_A","Componente Alfa","MAQ01","LINHA01",100,36,60,7,"Setup Inicio Turno",93,91,2,"OP101","Paulo","50.00","100.00"
281,"2026-01-27","2026-01-27","08:00:00","09:00:00","Manha","OP281","Piaui","PROD_A","Componente Alfa","MAQ01","LINHA01",100,36,60,0,"Nenhuma",102,102,0,"OP101","Paulo","50.00","0.00"
282,"2026-01-27","2026-01-27","09:00:00","10:00:00","Manha","OP282","Para","PROD_A","Componente Alfa","MAQ01","LINHA01",100,36,60,8,"Setup",86,84,2,"OP101","Paulo","50.00","100.00"
283,"2026-01-27","2026-01-27","10:00:00","11:00:00","Manha","OP283","Sao Paulo","PROD_A","Componente Alfa","MAQ01","LINHA01",100,36,60,12,"Manutencao Corretiva",71,65,6,"OP102","Davi","50.00","300.00"
284,"2026-01-27","2026-01-27","11:00:00","12:00:00","Manha","OP284","Goias","PROD_B","Peca Beta","MAQ02","LINHA01",120,30,60,3,"Ajuste Ferramenta",118,114,4,"OP103","Joao","80.00","320.00"
285,"2026-01-27","2026-01-27","12:00:00","13:00:00","Tarde","OP285","Piaui","PROD_C","Conjunto Gama","MAQ03","LINHA02",80,45,60,7,"Setup",76,76,0,"OP201","Lucia","120.00","0.00"
286,"2026-01-27","2026-01-27","13:00:00","14:00:00","Tarde","OP286","Bahia","PROD_C","Conjunto Gama","MAQ03","LINHA02",80,45,60,40,"Problema Eletrico",51,0,51,"OP202","Mariana","120.00","6120.00"
287,"2026-01-27","2026-01-27","14:00:00","15:00:00","Tarde","OP287","Sao Paulo","PROD_A","Componente Alfa","MAQ01","LINHA01",100,36,60,8,"Setup",87,85,2,"OP203","Jorge","50.00","100.00"
288,"2026-01-27","2026-01-27","15:00:00","16:00:00","Tarde","OP288","Piaui","PROD_A","Componente Alfa","MAQ01","LINHA01",100,36,60,2,"Ajuste Rapido",91,91,0,"OP301","Luis","50.00","0.00"
289,"2026-01-28","2026-01-28","07:00:00","08:00:00","Manha","OP289","Parana","PROD_A","Componente Alfa","MAQ01","LINHA01",100,36,60,6,"Setup",86,83,3,"OP101","Paulo","50.00","150.00"
290,"2026-01-28","2026-01-28","08:00:00","09:00:00","Manha","OP290","Rio de Janeiro","PROD_A","Componente Alfa","MAQ01","LINHA01",100,36,60,0,"Nenhuma",97,96,1,"OP101","Paulo","50.00","50.00"
291,"2026-01-28","2026-01-28","09:00:00","10:00:00","Manha","OP291","Piaui","PROD_A","Componente Alfa","MAQ01","LINHA01",100,36,60,15,"Manutencao Corretiva",81,74,7,"OP102","Davi","50.00","350.00"
292,"2026-01-28","2026-01-28","10:00:00","11:00:00","Manha","OP292","Rio de Janeiro","PROD_B","Peca Beta","MAQ02","LINHA01",120,30,60,2,"Ajuste Ferramenta",108,103,5,"OP103","Joao","80.00","400.00"
293,"2026-01-28","2026-01-28","11:00:00","12:00:00","Manha","OP293","Bahia","PROD_B","Peca Beta","MAQ02","LINHA01",120,30,60,0,"Nenhuma",110,110,0,"OP103","Joao","80.00","0.00"
294,"2026-01-28","2026-01-28","12:00:00","13:00:00","Manha","OP294","Sao Paulo","PROD_B","Peca Beta","MAQ02","LINHA01",120,30,60,3,"Falta de Material",87,79,8,"OP104","Anna","80.00","640.00"
295,"2026-01-28","2026-01-28","13:00:00","14:00:00","Tarde","OP295","Para","PROD_C","Conjunto Gama","MAQ03","LINHA02",80,45,60,10,"Setup",69,69,0,"OP201","Lucia","120.00","0.00"
296,"2026-01-28","2026-01-28","14:00:00","15:00:00","Tarde","OP296","Para","PROD_C","Conjunto Gama","MAQ03","LINHA02",80,45,60,0,"Nenhuma",73,30,43,"OP201","Lucia","120.00","5160.00"
297,"2026-01-28","2026-01-28","15:00:00","16:00:00","Tarde","OP297","Rio de Janeiro","PROD_C","Conjunto Gama","MAQ03","LINHA02",80,45,60,38,"Problema Eletrico",50,30,20,"OP202","Mariana","120.00","2400.00"
298,"2026-01-28","2026-01-28","16:00:00","17:00:00","Tarde","OP298","Parana","PROD_A","Componente Alfa","MAQ01","LINHA01",100,36,60,7,"Setup",94,91,3,"OP203","Jorge","50.00","150.00"
299,"2026-01-28","2026-01-28","17:00:00","18:00:00","Tarde","OP299","Goias","PROD_A","Componente Alfa","MAQ01","LINHA01",100,36,60,0,"Nenhuma",98,97,1,"OP301","Luis","50.00","50.00"
300,"2026-01-28","2026-01-28","17:00:00","18:00:00","Tarde","OP300","Bahia","PROD_A","Componente Alfa","MAQ01","LINHA01",100,36,60,3,"Ajuste Rapido",91,91,0,"OP301","Luis","50.00","0.00"
301,"2026-01-29","2026-01-29","07:00:00","08:00:00","Manha","OP301","Mato Grosso do Sul","PROD_B","Peca Beta","MAQ02","LINHA01",120,30,60,0,"Nenhuma",115,109,6,"OP101","Paulo","80.00","480.00"
302,"2026-01-29","2026-01-29","08:00:00","09:00:00","Manha","OP302","Piaui","PROD_B","Peca Beta","MAQ02","LINHA01",120,30,60,18,"Manutencao Preventiva Programada",0,0,0,"OP102","Davi","80.00","0.00"
303,"2026-01-29","2026-01-29","09:00:00","10:00:00","Manha","OP303","Parana","PROD_B","Peca Beta","MAQ02","LINHA01",120,30,60,2,"Setup Pos Manutencao",103,100,3,"OP102","Davi","80.00","240.00"
304,"2026-01-29","2026-01-29","10:00:00","11:00:00","Manha","OP304","Minas Gerais","PROD_C","Conjunto Gama","MAQ03","LINHA02",80,45,60,0,"Nenhuma",87,79,8,"OP103","Joao","120.00","960.00"
305,"2026-01-29","2026-01-29","11:00:00","12:00:00","Manha","OP305","Piaui","PROD_C","Conjunto Gama","MAQ03","LINHA02",80,45,60,15,"Falta de Componente Secundario",62,62,0,"OP104","Anna","120.00","0.00"
306,"2026-01-29","2026-01-29","12:00:00","13:00:00","Tarde","OP306","Para","PROD_A","Componente Alfa","MAQ01","LINHA01",100,36,60,0,"Nenhuma",93,91,2,"OP201","Lucia","50.00","100.00"
307,"2026-01-29","2026-01-29","13:00:00","14:00:00","Tarde","OP307","Bahia","PROD_A","Componente Alfa","MAQ01","LINHA01",100,36,60,6,"Limpeza",97,97,0,"OP202","Mariana","50.00","0.00"
308,"2026-01-29","2026-01-29","14:00:00","15:00:00","Tarde","OP308","Sao Paulo","PROD_B","Peca Beta","MAQ02","LINHA01",120,30,60,0,"Nenhuma",118,112,6,"OP203","Jorge","80.00","480.00"
309,"2026-01-29","2026-01-29","15:00:00","16:00:00","Tarde","OP309","Sao Paulo","PROD_B","Peca Beta","MAQ02","LINHA01",120,30,60,12,"Quebra Ferramenta",77,67,10,"OP201","Lucia","80.00","800.00"
310,"2026-01-29","2026-01-29","17:00:00","18:00:00","Noite","OP310","Piaui","PROD_C","Conjunto Gama","MAQ03","LINHA02",80,45,60,0,"Nenhuma",78,78,0,"OP302","Jose","120.00","0.00"
311,"2026-01-29","2026-01-29","18:00:00","19:00:00","Noite","OP311","Para","PROD_C","Conjunto Gama","MAQ03","LINHA02",80,45,60,31,"Falta Operador Treinado",63,0,63,"OP302","Jose","120.00","7560.00"
312,"2026-01-30","2026-01-30","07:00:00","08:00:00","Manha","OP312","Mato Grosso do Sul","PROD_A","Componente Alfa","MAQ01","LINHA01",100,36,60,6,"Setup Inicio Turno",102,100,2,"OP101","Paulo","50.00","100.00"
313,"2026-01-30","2026-01-30","08:00:00","09:00:00","Manha","OP313","Rio de Janeiro","PROD_A","Componente Alfa","MAQ01","LINHA01",100,36,60,0,"Nenhuma",105,105,0,"OP101","Paulo","50.00","0.00"
314,"2026-01-30","2026-01-30","09:00:00","10:00:00","Manha","OP314","Rio de Janeiro","PROD_A","Componente Alfa","MAQ01","LINHA01",100,36,60,10,"Setup",90,88,2,"OP101","Paulo","50.00","100.00"
315,"2026-01-30","2026-01-30","10:00:00","11:00:00","Manha","OP315","Para","PROD_A","Componente Alfa","MAQ01","LINHA01",100,36,60,8,"Manutencao Corretiva",71,66,5,"OP102","Davi","50.00","250.00"
316,"2026-01-30","2026-01-30","11:00:00","12:00:00","Manha","OP316","Minas Gerais","PROD_B","Peca Beta","MAQ02","LINHA01",120,30,60,1,"Ajuste Ferramenta",110,105,5,"OP103","Joao","80.00","400.00"
317,"2026-01-30","2026-01-30","12:00:00","13:00:00","Tarde","OP317","Piaui","PROD_C","Conjunto Gama","MAQ03","LINHA02",80,45,60,8,"Setup",71,71,0,"OP201","Lucia","120.00","0.00"
318,"2026-01-30","2026-01-30","13:00:00","14:00:00","Tarde","OP318","Goias","PROD_C","Conjunto Gama","MAQ03","LINHA02",80,45,60,52,"Problema Eletrico",51,0,51,"OP202","Mariana","120.00","6120.00"
319,"2026-01-30","2026-01-30","14:00:00","15:00:00","Tarde","OP319","Minas Gerais","PROD_A","Componente Alfa","MAQ01","LINHA01",100,36,60,7,"Setup",87,85,2,"OP203","Jorge","50.00","100.00"
320,"2026-01-30","2026-01-30","15:00:00","16:00:00","Tarde","OP320","Bahia","PROD_A","Componente Alfa","MAQ01","LINHA01",100,36,60,4,"Ajuste Rapido",90,90,0,"OP301","Luis","50.00","0.00"
321,"2026-01-31","2026-01-31","07:00:00","08:00:00","Manha","OP321","Rio de Janeiro","PROD_A","Componente Alfa","MAQ01","LINHA01",100,36,60,7,"Setup",97,95,2,"OP101","Paulo","50.00","100.00"
322,"2026-01-31","2026-01-31","08:00:00","09:00:00","Manha","OP322","Para","PROD_A","Componente Alfa","MAQ01","LINHA01",100,36,60,0,"Nenhuma",106,105,1,"OP101","Paulo","50.00","50.00"
323,"2026-01-31","2026-01-31","09:00:00","10:00:00","Manha","OP323","Sao Paulo","PROD_A","Componente Alfa","MAQ01","LINHA01",100,36,60,10,"Manutencao Corretiva",76,71,5,"OP102","Davi","50.00","250.00"
324,"2026-01-31","2026-01-31","10:00:00","11:00:00","Manha","OP324","Sao Paulo","PROD_B","Peca Beta","MAQ02","LINHA01",120,30,60,2,"Ajuste Ferramenta",108,103,5,"OP103","Joao","80.00","400.00"
325,"2026-01-31","2026-01-31","11:00:00","12:00:00","Manha","OP325","Parana","PROD_B","Peca Beta","MAQ02","LINHA01",120,30,60,0,"Nenhuma",113,113,0,"OP103","Joao","80.00","0.00"
326,"2026-01-31","2026-01-31","12:00:00","13:00:00","Manha","OP326","Parana","PROD_B","Peca Beta","MAQ02","LINHA01",120,30,60,2,"Falta de Material",93,86,7,"OP104","Anna","80.00","560.00"
327,"2026-01-31","2026-01-31","13:00:00","14:00:00","Tarde","OP327","Parana","PROD_C","Conjunto Gama","MAQ03","LINHA02",80,45,60,10,"Setup",80,80,0,"OP201","Lucia","120.00","0.00"
328,"2026-01-31","2026-01-31","14:00:00","15:00:00","Tarde","OP328","Piaui","PROD_C","Conjunto Gama","MAQ03","LINHA02",80,45,60,0,"Nenhuma",77,61,16,"OP201","Lucia","120.00","1920.00"
329,"2026-01-31","2026-01-31","15:00:00","16:00:00","Tarde","OP329","Piaui","PROD_C","Conjunto Gama","MAQ03","LINHA02",80,45,60,37,"Problema Eletrico",49,0,49,"OP202","Mariana","120.00","5880.00"
330,"2026-01-31","2026-01-31","16:00:00","17:00:00","Tarde","OP330","Rio de Janeiro","PROD_A","Componente Alfa","MAQ01","LINHA01",100,36,60,5,"Setup",99,96,3,"OP203","Jorge","50.00","150.00"
331,"2026-01-31","2026-01-31","17:00:00","18:00:00","Tarde","OP331","Sao Paulo","PROD_A","Componente Alfa","MAQ01","LINHA01",100,36,60,0,"Nenhuma",98,97,1,"OP301","Luis","50.00","50.00"
332,"2026-01-31","2026-01-31","17:00:00","18:00:00","Tarde","OP332","Rio de Janeiro","PROD_A","Componente Alfa","MAQ01","LINHA01",100,36,60,2,"Ajuste Rapido",94,94,0,"OP301","Luis","50.00","0.00"
